slot_number,block_number,timestamp,builder,relays,value,parent_hash,block_hash,builder_pubkey,proposer_pubkey,proposer_fee_recipient,gas_limit,gas_used
10495509,21284025,2024-11-28 05:02:11.000000 +00:00,Titan,{BLOXROUTE_REGULATED},0.101299581226432,0x3F065A5DBAA6351CB2A5EB75584718DF15786F7A501F7A99A07A906F20F2E2C8,0x2469D94148527D1D64EDAB2CEA6DCE9B2CC6C232D7CD81A8AB29A9E514DC68D3,0x946FCF348BBF1044A3EAA3D27F1D01397CFC4D27495A949447C95EA7EC41DB9F5C4FE3B867A937623685A0462996DF09,0x8583157221B83659621F35B1A2B5BBF7034D8B48A80F5D438A393217CE27A1549F74E3C210C60E580C38C71BBAFEE292,0x067846F9276A59CBE290396BC8F2469BD71B1428,30000000,24521194
10495511,21284026,2024-11-28 05:02:35.000000 +00:00,Titan,"{BLOXROUTE_MAXPROFIT,BLOXROUTE_REGULATED}",0.0867080000480648,0x0279E11C190D0A88D4620F63BE9141BF9BE70B54D104CA4632D8E8C92830D928,0x3DF00BA663A8DD4E893C8C1CDFC73C4CCA01786EA7BDCFEEEA4070514890A3B2,0xB4A435CF816291596FE2E405651EC8B6C80B9CC34DACE3C83202CA489A833756C9A0672EBDC17F23D9D43163DB1CAA5D,0x936D90CBE6FCE803D75B916B86DAD906D7639C3D43A94FFD7B1E7CEBF47E0E1D51CC58D248C31D1E8712F8FD28569A4F,0x388C818CA8B9251B393131C08A736A67CCB19297,30000000,26349034
10495516,21284030,2024-11-28 05:03:35.000000 +00:00,Titan,"{BLOXROUTE_MAXPROFIT,TITAN}",0.0767965525852084,0x1E0960E64C4633E7E4EB979766E4B5CF434D088599BD307CE575B938481DF4AF,0xFF670B5B94EF8B9095C468803458A95D714BE6019D236B33B16F821663E219C5,0x88857150299287CEDFBADEA1EE3FB7AC121F1E4E16BEF44B4A7BAD35432973C4009EFB90394FACCA3FDC0759BA70F93F,0x97EDD8B93B59D395797F75CA27A2BA26CF6059B8DF8C1FFF949F27B276364B6A54DD5FE36AF8554EAA77C4647F1A456C,0x2194331AF2CF9DE9ADB36CF09654FAD65CAFB58B,30000000,13706895
10495523,21284035,2024-11-28 05:04:59.000000 +00:00,Titan,"{BLOXROUTE_MAXPROFIT,BLOXROUTE_REGULATED}",0.0193693992876967,0xB346A3DD73CA4B0B4B3A30C1E464D6AB0DEB9FA5A89E4A87683416D718D409AB,0x4B7CE8FCFEEC80B8FAFCA9FC29032FB0ED5B0D10FAFC2176F0B6A3AC0B9570DC,0xA9D0A0F9059972D775A45D8377768FF20234DE91A6FBACBA5737FF8803807C38021B5863E5084869E695EF1D6C2FDAEF,0xAF3DFC03F85689AC4CBE1D593CADF08770C36AE16D46D0F8BFD8CBC4E18607917C6A751E2CE13C5A3575B3AE2F2DDDB2,0xE688B84B23F322A994A53DBF8E15FA82CDB71127,30000000,14044693
10495525,21284036,2024-11-28 05:05:23.000000 +00:00,Titan,"{BLOXROUTE_MAXPROFIT,BLOXROUTE_REGULATED}",0.100741994065755,0x301A50750DC93F6C3ED2A4FD4E2B5C31CB4448EA75CBB34F73DB84C217105904,0x5C7B2430118E324C548669A979187DD576BB3078CE69C23370DBDE4F7DA059AE,0xB67EAA5EFCFA1D17319C344E1E5167811AFBFE7922A2CF01C9A361F465597A5DC3A5472BD98843BAC88D2541A78EAB08,0xB480A857244D5A47DB80D668B7EC36CF3ECE8BA22CC42CFD58C48BB7827EF45E6CB28F262A15AD655D5D58C1F84B5E0B,0x388C818CA8B9251B393131C08A736A67CCB19297,30000000,19436746
10495530,21284040,2024-11-28 05:06:23.000000 +00:00,Titan,"{BLOXROUTE_MAXPROFIT,BLOXROUTE_REGULATED}",0.176272357850512,0x431B89C62F51EF88FE9C04B31F377D4BD4F0C78251FC8910B7FFDD5BE31BB347,0xEFD57E1204E015655E4370883CC2C1E79BF297D5DF43D799749BCA9C29D1D5DD,0x95C8CC31F8D4E54EDDB0603B8F12D59D466F656F374BDE2073E321BDD16082D420E3EEF4D62467A7EA6B83818381F742,0xA3CFDA32428D875A55AE5D6869424390E2EFB38EF4810C667C3439BC8FE5E64C7952D8FC2C336064C8F1946A1B78CCB7,0xA8C62111E4652B07110A0FC81816303C42632F64,30000000,14834718
10495540,21284049,2024-11-28 05:08:23.000000 +00:00,Titan,"{BLOXROUTE_MAXPROFIT,BLOXROUTE_REGULATED}",0.198388441146111,0xF09C3E1207E77168130774840A217E6BAF1D7B5D03AD00FB7E56CEA0B7BC2B08,0x9C811486AC2D2E7382D26F1E5321B516D7B3439B1B328D531A21F0AD92A93A7D,0xB26F96664274E15FB6FCDA862302E47DE7E0E2A6687F8349327A9846043E42596EC44AF676126E2CACBDD181F548E681,0xA1137BD707B431657E96AF2A68723A9F17951E8DEBAA64E12BE9A4880D93558A0B7889EB7E334124C28BC19036A60D2D,0x6BE457E04092B28865E0CBA84E3B2CFA0F871E67,30000000,29999629
10495546,21284054,2024-11-28 05:09:35.000000 +00:00,Titan,"{BLOXROUTE_MAXPROFIT,BLOXROUTE_REGULATED}",0.0456230890693693,0x5DB20A0409292070C3557B6631BEA884618746A603EFA5819693854AF76F9594,0x7698ED17D8024FF6A561814C0E9348B1886E626720E61A2783656572E0580C8D,0xB26F96664274E15FB6FCDA862302E47DE7E0E2A6687F8349327A9846043E42596EC44AF676126E2CACBDD181F548E681,0xAB5D561354E85AC681576FD6F54C30B2145E6A3016D6F134654D876D57D75AFDD18F278A675B5B24F510254970F8F224,0xE688B84B23F322A994A53DBF8E15FA82CDB71127,30000000,19046903
10495563,21284070,2024-11-28 05:12:59.000000 +00:00,Titan,"{BLOXROUTE_MAXPROFIT,BLOXROUTE_REGULATED}",0.0280787508486803,0x4CEB45691AD9728F12B8C77542DC188DC4FCF10367813B5B3926B90D33E54B89,0x3AB90F99A7C18217413FDB37D37E97A94AB6344F22309E199B86FB59BBC8D43E,0xA9D0A0F9059972D775A45D8377768FF20234DE91A6FBACBA5737FF8803807C38021B5863E5084869E695EF1D6C2FDAEF,0x90421EC6B15F977BEF3D12E4C51BBF8163CE0FBC3D5EF5DD91D29B0B5BC7622C79E215BE2B6151F30BDD60B948DE0D18,0x388C818CA8B9251B393131C08A736A67CCB19297,30000000,11980845
10495583,21284089,2024-11-28 05:16:59.000000 +00:00,Titan,"{BLOXROUTE_MAXPROFIT,BLOXROUTE_REGULATED,TITAN}",0.031800926705048,0x50075CD1EC1507DE2235FDCAE08B6FFEE347D53128AF9C87F7496A87AF322F41,0x3A80ABC761B1F928CFC2A6BAC0DF38382191409BD82932A5BF4335B4DF075F1B,0xB26F96664274E15FB6FCDA862302E47DE7E0E2A6687F8349327A9846043E42596EC44AF676126E2CACBDD181F548E681,0x830391864B832F6D68722A4C4F7FEDFC42B155AEAF1902293B8BA957EEB67F7CA9C84F2D67C20D7A1CE3D0387C599E81,0x2BF916F8169ED2A77324D3E168284FC252AE4087,30000000,15200293
10495586,21284091,2024-11-28 05:17:35.000000 +00:00,Titan,"{BLOXROUTE_MAXPROFIT,BLOXROUTE_REGULATED,TITAN}",0.0363876828159554,0x2A31073591E3AF404F6B9890AA6869E603786656BED7992A009EDB420C54FA5B,0x9FB1E6925DD653C6BD1237F89F0730E0E9E638EA89956C1F86625FEB0B4FA035,0xB4A435CF816291596FE2E405651EC8B6C80B9CC34DACE3C83202CA489A833756C9A0672EBDC17F23D9D43163DB1CAA5D,0x84501B21753BC05D7003C46C810673CD42E585045F38BEE05DACE60C69D18CAEFD4B65937283EFEE7CF0401203996FB7,0x882E747C5C2E0366D4FD6F9F95780467C6549732,30000000,19812664
10495605,21284109,2024-11-28 05:21:23.000000 +00:00,Titan,"{BLOXROUTE_MAXPROFIT,BLOXROUTE_REGULATED}",0.0579729193266041,0x41BFE1D30E05D5F532B40F9359B59574C87682231FDC47A9620F5B953FF879E5,0x54CA2DAA213BDE9EBDB32BC1E0019B91B59AD89032B61FC486C343F012BC99A1,0xB26F96664274E15FB6FCDA862302E47DE7E0E2A6687F8349327A9846043E42596EC44AF676126E2CACBDD181F548E681,0x8E5DE2CE35AFA82C31E24F28DEDA6209BC2AFB36CD9DBEF25667AF45F3FE0D90637A87DADF7C566CAF55E16A78786AA8,0xE3C44D4D25172EF2E0CDB9E09189A8CA4ED878F4,30000000,23280800
10495607,21284110,2024-11-28 05:21:47.000000 +00:00,Titan,{BLOXROUTE_MAXPROFIT},0.0733024408371875,0x76E93B8D9939543682AA755F9A89E508F196C263B1FC8DBBBFE36B468C6631CE,0xA384812341A7F0CA30DBFBCC624B354422DA384B4C36F8BB14D93EDD353FCA9E,0xA9D0A0F9059972D775A45D8377768FF20234DE91A6FBACBA5737FF8803807C38021B5863E5084869E695EF1D6C2FDAEF,0xA50E85B5E268FEF440C74E7687FCD512796A6BEAF2CD89F2EC96B19D294281A1789825B9BF9C9C3173FC87EB921567DD,0xFFEE087852CB4898E6C3532E776E68BC68B1143B,30000000,16124856
10495610,21284112,2024-11-28 05:22:23.000000 +00:00,Titan,"{BLOXROUTE_MAXPROFIT,BLOXROUTE_REGULATED}",0.103590202092547,0xAFDC4E5DA55397A8E9645EFAB953EBE5CCE675CE636F8056966C12940FFA4B26,0xEAD5C3A980078933C849427801FBD75A736A4FFCD14E47722EEF8F50B97EC982,0xB26F96664274E15FB6FCDA862302E47DE7E0E2A6687F8349327A9846043E42596EC44AF676126E2CACBDD181F548E681,0xAA4B28183E81A9A45E8FBE84483BF634A8F24DEF092BCE8B05E5A98D5A38C51A25D2AE1BDC562E795F7216E3EAF48DD7,0x0AD1B3766F572C71CDFC4073F3EFFE1BBF129385,30000000,14888043
10495612,21284113,2024-11-28 05:22:47.000000 +00:00,Titan,"{BLOXROUTE_MAXPROFIT,BLOXROUTE_REGULATED}",0.131104669917409,0xD7333DBE4C9A6FA5AC8EA88E6CC40E2F71F791CB76EE1FB217AD3F227C8F7EEC,0x937ABA8F3A684EC76664391647F6D5B98D67484F5C8C462E707C1F0DC131A08C,0xB26F96664274E15FB6FCDA862302E47DE7E0E2A6687F8349327A9846043E42596EC44AF676126E2CACBDD181F548E681,0x9924AB75FD6A41876F66729907CB93440CE77CB16F8455189217A7011A1742810B33826E7F75912755DB3B13FCB77BC7,0xE688B84B23F322A994A53DBF8E15FA82CDB71127,30000000,29998974
10495615,21284115,2024-11-28 05:23:23.000000 +00:00,Titan,"{BLOXROUTE_MAXPROFIT,BLOXROUTE_REGULATED,TITAN}",0.0389584512787459,0xF3ABA2C3531E1BC27D6F0FAC3E4BA366648A03CC0F8C09C8985D230EBC5F6A53,0xFDF0B8D0F0798F4E96BA0A39182A766C08C2AD4B4922119EAFFB1E980B9578A9,0xB4A435CF816291596FE2E405651EC8B6C80B9CC34DACE3C83202CA489A833756C9A0672EBDC17F23D9D43163DB1CAA5D,0x8543809209BC5310CCF4B4BF82706BFB17A5F1CDF62660AE8AEEE616A80A97C93B265216121BCC854AD1EC40C89956CD,0xAE3FADD231C8FB2B2C756987ECB582963405D018,30000000,23015451
10495620,21284119,2024-11-28 05:24:23.000000 +00:00,Titan,{BLOXROUTE_MAXPROFIT},0.0939532458189279,0xE0A903E76C6E2C99C87BE2E51714224917940EF43E98D8183EF45C2CC0EC3C4E,0x5268AA576FC965561AB36857424861E3AB7CC2E26C73AE88EE98F46949F042EE,0xB26F96664274E15FB6FCDA862302E47DE7E0E2A6687F8349327A9846043E42596EC44AF676126E2CACBDD181F548E681,0x975B856449E7EDA2BAF2A9847EA46BE9894AB5C446C7A0366AB29A7EAF5D095CA0CB3A2DC71AB4DB5EB0EC36B764F55D,0xD4E96EF8EEE8678DBFF4D535E033ED1A4F7605B7,30000000,23154827
10495647,21284145,2024-11-28 05:29:47.000000 +00:00,Titan,"{BLOXROUTE_MAXPROFIT,BLOXROUTE_REGULATED,TITAN}",0.0288346485876198,0xEE92F8E2C301C52CBFB602A1D7F1A626A65EB1C88AD1FD6EE340E41CEFF778A1,0x8FD09B39214277E0894822F0BFF24FE5F15D9286EAA612AC22302FBCB0463169,0xB4A435CF816291596FE2E405651EC8B6C80B9CC34DACE3C83202CA489A833756C9A0672EBDC17F23D9D43163DB1CAA5D,0xB413BD82D623DF6D9488787E8DAFF9C0251886CE9834862E79619B769325EE0774AF6BD82A53BEA724C83FD0FF3A8404,0x7275B0156CBA80A92373343083BD7EFE5E3479F7,30000000,14062459
10495657,21284154,2024-11-28 05:31:47.000000 +00:00,Titan,{BLOXROUTE_MAXPROFIT},0.0631183520858647,0xF87FF8CF4002D7C51C9BB585FD16F8ABCF78310956B8BC1AD3FECE05CCAE6E4F,0xCEAEBC259F79FA99ED705E1071D8A3040FF76E5E5883F665F239060D53E2EF1C,0xA9D0A0F9059972D775A45D8377768FF20234DE91A6FBACBA5737FF8803807C38021B5863E5084869E695EF1D6C2FDAEF,0x9832FC12B5FDDC5A84FDFA3335CB7042091EC4B6162119BFE1F3460841F3000BD88A82B40D13C906A621E4246C444078,0x6D2E03B7EFFEAE98BD302A9F836D0D6AB0002766,30000000,25478331
10495661,21284157,2024-11-28 05:32:35.000000 +00:00,Titan,"{BLOXROUTE_MAXPROFIT,BLOXROUTE_REGULATED}",0.0430433011007467,0x6BDAED61980A4D8A1C75603DFB8CF84CE2ADB607474DF4D2939343B5DBFBD036,0xB06F73B2EFFA4E63401022F3F41F8F9376689FE6978DF176837C5667281C1624,0xB26F96664274E15FB6FCDA862302E47DE7E0E2A6687F8349327A9846043E42596EC44AF676126E2CACBDD181F548E681,0xA804FE11339DC5DFE56261ED0B31CF9218DEDD13FFF66699C98DE9E2D604BF8500CA6CFA776F10210445156D03221503,0xE688B84B23F322A994A53DBF8E15FA82CDB71127,30000000,24528141
10495665,21284160,2024-11-28 05:33:23.000000 +00:00,Titan,{BLOXROUTE_MAXPROFIT},0.0370112445554882,0x61A07421709BDF433D9CF0ED2529D2F7C06A162428A8125674EA8205896FC656,0x2E0A70CC74994ED1164168837AFD025E94C6A96E78234A93FD23A556CF7C486C,0x807A81A9873359323966FEB80FCC52B6049888F885D58134BF52BF9825F89AABC723BB5BACD1D8F4DEA6322A6D166535,0x834D5299A90D98479855588FCF6D231FEC68811A1AD38402AE7E1EA4FC2A0BDADB4089A83EE817B055A5029C25D6C129,0x4675C7E5BAAFBFFBCA748158BECBA61EF3B0A263,30000000,14394520
10495670,21284164,2024-11-28 05:34:23.000000 +00:00,Titan,"{BLOXROUTE_MAXPROFIT,BLOXROUTE_REGULATED}",0.0217761859277488,0xE41E2F77A768BCB4EA331F5D4F18F52DB264AFFF74E514AF9B43C4D56DBE0EAE,0xD4FCCB21E65597C8BC35D36C167E13E27EC1DCD0003CA2469E2C4793F30D0E9B,0xB26F96664274E15FB6FCDA862302E47DE7E0E2A6687F8349327A9846043E42596EC44AF676126E2CACBDD181F548E681,0xB5B74348083175E99D1B642B6C3545C2B4EF4D12A6BA75C65EE4751DAA6FF37C3DAF0982EE8A95201EDCE91E4B6AD5EE,0xE688B84B23F322A994A53DBF8E15FA82CDB71127,30000000,12010724
10495679,21284172,2024-11-28 05:36:11.000000 +00:00,Titan,{BLOXROUTE_MAXPROFIT},0.0326416959479939,0x04211BDC1908D56136E602A59138F75CAD7E1AA19BF042170265B3BABCC22CD3,0xCE7E8666633FA76F89E85AD23A284F986B808E939E65402C15E3C4B7B4FB6761,0xB26F96664274E15FB6FCDA862302E47DE7E0E2A6687F8349327A9846043E42596EC44AF676126E2CACBDD181F548E681,0x8D62140A890BD9165E76E4B55ADC7D6364D51B3DC8A364DA62BE24124FA50335E1B47E39A9C794F2342B6CF904B2C8D1,0x388C818CA8B9251B393131C08A736A67CCB19297,30000000,15912936
10495682,21284174,2024-11-28 05:36:47.000000 +00:00,Titan,"{BLOXROUTE_MAXPROFIT, BLOXROUTE_REGULATED,TITAN}",0.0823374147121339,0x6BB36F02B4C42ABBA7A69A16B2F92ABF3F1FFF7054B50C05A5CA59ACFADCA17A,0xDCFD25D24B86727F15828833AB79A2076F9533490135F60537C855776998AEDC,0xB4A435CF816291596FE2E405651EC8B6C80B9CC34DACE3C83202CA489A833756C9A0672EBDC17F23D9D43163DB1CAA5D,0x8F1741C53010F0ED593F2211758E2B0545E4140C08B024E434C319055ADF53847C04C3F0087BAF01C6B90B8C448345A2,0x2BF916F8169ED2A77324D3E168284FC252AE4087,30000000,26423704
10495718,21284209,2024-11-28 05:43:59.000000 +00:00,Titan,"{BLOXROUTE_MAXPROFIT,BLOXROUTE_REGULATED}",0.0186815059070691,0x87C4232446F6BCD26DE54796E2EF538C8CFCCCE07781970F9693228A9712F9C9,0x79F9DBDEC0C0EAFD48CCF087863F6F47287DD69CD09671EA826179E06250D9B1,0xB26F96664274E15FB6FCDA862302E47DE7E0E2A6687F8349327A9846043E42596EC44AF676126E2CACBDD181F548E681,0x91392E93DA5CDAF35C20BF56483CC4DFA622080A240D0DAA6C4D9B341D88B61222A5981901469B2E73CC1349C2085891,0xE688B84B23F322A994A53DBF8E15FA82CDB71127,30000000,21500055
10495749,21284239,2024-11-28 05:50:11.000000 +00:00,Titan,"{BLOXROUTE_MAXPROFIT,BLOXROUTE_REGULATED}",0.0378834774703213,0x001FCE92C1D6008CFAA8F8CE5A34113D790B62FBF3E8E1883D4B6F631C308C33,0x0E2739234BED7348BF5C82B385DEEB152BF6874E7A96156B6FE5512DBA57BC4B,0x8527D16CF01EDCEA2CBB05E27F5F61B184578EA27C4015E4533E4CEBD6D53297BD004C14FE3F247A468361BF781E0069,0xAA014557AF365DBB20DEED1E362A9721377A57EF8C03DCBC8196DFFB2B1B960F52BA34AD6B1476D2F24894CF1390E980,0x388C818CA8B9251B393131C08A736A67CCB19297,30000000,29980202
10495752,21284241,2024-11-28 05:50:47.000000 +00:00,Titan,"{BLOXROUTE_MAXPROFIT,BLOXROUTE_REGULATED}",0.0262230121835965,0x3BB8C1C6C33484FA2862C9459EFB015B70B63E4BADC6203C9DC647C72BB3F5EE,0xD8D7CF4DF585CFBA992F793C7C5B22E2269B60A7F328DBB0EB61094C863ABD67,0xB26F96664274E15FB6FCDA862302E47DE7E0E2A6687F8349327A9846043E42596EC44AF676126E2CACBDD181F548E681,0xAE20E0E6C2791D7E15FC209714000685A3B0A6FABB64DE7B04241B662E709CE70ED3FB09EF08F1D9B3212351D2DD3CF9,0xA27CEF8AF2B6575903B676E5644657FAE96F491F,30000000,11642146
10495762,21284250,2024-11-28 05:52:47.000000 +00:00,Titan,"{BLOXROUTE_MAXPROFIT,TITAN}",0.0287045725324818,0xF9CD6E3D688FB38D9DF8BFDC82411D6BCDDDFA13448AB21171F527034A939B3C,0xAFD832F81407CA285784892F40A9DAFBE58C0F7817CA19B46F16002DB85CAE8A,0x946FCF348BBF1044A3EAA3D27F1D01397CFC4D27495A949447C95EA7EC41DB9F5C4FE3B867A937623685A0462996DF09,0xB85A0363D0AFB76CE04D0117A72976194E69F0707BCC5B75C5FF77FF57E74BDBA8C6322942FC73E0749658A877FA96D6,0x4675C7E5BAAFBFFBCA748158BECBA61EF3B0A263,30000000,11693651
10495775,21284262,2024-11-28 05:55:23.000000 +00:00,Titan,"{BLOXROUTE_REGULATED,TITAN}",0.0170804317043282,0xF5CDFC9DAC285121718CCF7888C0C022DE5DB83567AFD1F6B7050E3D20783746,0x288F4AF725ABB080732241C757C61B23EF0C3CF194C88B5DABF8CE5D50A2AA4D,0x946FCF348BBF1044A3EAA3D27F1D01397CFC4D27495A949447C95EA7EC41DB9F5C4FE3B867A937623685A0462996DF09,0xB6E2DB2BB86CAEADBDFF334CC29B683D2F19A87E4167254B7CACF7AA836D45D5E8137BBE4023B9E684A856144D74E751,0xD6E4AA932147A3FE5311DA1B67D9E73DA06F9CEF,30000000,23642941
10495782,21284268,2024-11-28 05:56:47.000000 +00:00,Titan,{TITAN},0.0184011417562085,0x9E9C1CA8D0D5E2CA4880B482A4B4F2CFA00B433A61E62335FB4607EF5F3DA0E2,0x05DD923825E086582563D50AA950D384334B7944BFA8FD2CBB666C75CEE2AF5B,0x88857150299287CEDFBADEA1EE3FB7AC121F1E4E16BEF44B4A7BAD35432973C4009EFB90394FACCA3FDC0759BA70F93F,0x93124975AC02926D58FEA3DB611E359E7010A41F0B70EA3BD40DAC727C15A263994FB9705577B9C14CABCBC7A9A827DA,0x4675C7E5BAAFBFFBCA748158BECBA61EF3B0A263,30000000,13407859
10495839,21284324,2024-11-28 06:08:11.000000 +00:00,Titan,"{BLOXROUTE_MAXPROFIT,BLOXROUTE_REGULATED,TITAN}",0.0263845164168491,0x002893A103C3D40F426E5BB88435B65F2D19AFAA26F00772CF72BCA979F94BD0,0x90F8ADC5B254640C438DB2D3040A4693744D9DD413DC7D4F18553CA4691A6607,0x946FCF348BBF1044A3EAA3D27F1D01397CFC4D27495A949447C95EA7EC41DB9F5C4FE3B867A937623685A0462996DF09,0xAAF7E0457E020CCF6C2186DCF687613638AB6F9E7CAC78D87508B123818320A6A02459A938994D7B0985DF4A8199563D,0xE688B84B23F322A994A53DBF8E15FA82CDB71127,30000000,23806981
10495891,21284374,2024-11-28 06:18:35.000000 +00:00,Titan,"{BLOXROUTE_MAXPROFIT,TITAN}",0.0188595145044852,0x60CB4C8FE973253CF39FB99BFBAFF2BD3C39481C87B7B78E2358F4A87BB51653,0x8FD4CF677036476B21224ED888495309638A9686DE2D4893F5C6B3FAD911D8C0,0x946FCF348BBF1044A3EAA3D27F1D01397CFC4D27495A949447C95EA7EC41DB9F5C4FE3B867A937623685A0462996DF09,0xB20D60762B385F1D6F2A11DA2433B520A1F7C238AC6692841814F70E0D21A6AE597CEC2FA1DD393688AF3D2FC16C22B0,0x8741FB04B7D8F5A01E0EC1D454602BC08BDB0C8C,30000000,7889483
10495908,21284390,2024-11-28 06:21:59.000000 +00:00,Titan,"{BLOXROUTE_REGULATED,TITAN}",0.030876710514795,0xFD4CD5B70E876F45F6CE501E3994CF85B79882A64F91074096F5A78664B16B7A,0x3E85D02517A55BAD39A2E06DBFF6DF797894C386DE9A6872CD86DD779BBF82D9,0x946FCF348BBF1044A3EAA3D27F1D01397CFC4D27495A949447C95EA7EC41DB9F5C4FE3B867A937623685A0462996DF09,0x802DD5A65AF1DB7583FCA8436332CF6FA88D2D68763169AC16E0D069E95D92EDD9B1AE970AE17C2CCAD6AB219960923A,0x3C3EDD7ECD0B58472CDBE3C742827799B3CF92B6,30000000,11509278
10495930,21284411,2024-11-28 06:26:23.000000 +00:00,Titan,"{BLOXROUTE_MAXPROFIT,BLOXROUTE_REGULATED,TITAN}",0.0237526472278158,0x397D5D125AEBEC8646CDA8CB985591C090AC8A2767A8674E5C1AA590EDC85324,0xCE29D6A40A2D5339ED402166102C1B59DE308CA93875D7F94E8CD551CCAE57ED,0xB4A435CF816291596FE2E405651EC8B6C80B9CC34DACE3C83202CA489A833756C9A0672EBDC17F23D9D43163DB1CAA5D,0x8D3149E0D14C3984E96448D293E8978B45C86560CEDAC8E66C93B9D352AB12223A5023E64AF46C471F7AFA0E77C3EAC1,0x388C818CA8B9251B393131C08A736A67CCB19297,30000000,17044466
10495968,21284448,2024-11-28 06:33:59.000000 +00:00,Titan,"{BLOXROUTE_MAXPROFIT,TITAN}",0.0327707732219875,0x2C0710EE108321D547F86BD013EDE189F6A1A58B7DA65494C2FB4B9D7B80EE95,0x16DA7DE7D865FCA1D903B756E12EA8ABB40B401EC921FBFD6A0119D5C0572452,0x88857150299287CEDFBADEA1EE3FB7AC121F1E4E16BEF44B4A7BAD35432973C4009EFB90394FACCA3FDC0759BA70F93F,0x8502A42B4546AB223C7A0273D6B2067F218D93267ED73B87B94B0A7B8C269103F6920DB2F973E658A4BE6330B37E1D22,0x235EE805F962690254E9A440E01574376136ECB1,30000000,29984583
10495996,21284475,2024-11-28 06:39:35.000000 +00:00,Titan,"{BLOXROUTE_MAXPROFIT,BLOXROUTE_REGULATED,TITAN}",0.0138276467573249,0x77B3F0D488F54FE15551B48367218AEC746A8D76597DC2145B355114E6A2894F,0x0AABD16D6B03E9585E1EC0DDDD0D9C7C2C517EE257D10066118A4D4FE9F74E3D,0x946FCF348BBF1044A3EAA3D27F1D01397CFC4D27495A949447C95EA7EC41DB9F5C4FE3B867A937623685A0462996DF09,0xA634E9CBBC7845867A8A71EBF48F7404042F22EED45C2196A20E9A20894F355670A291615BE9BD397D6C1B556A18BE20,0xA27CEF8AF2B6575903B676E5644657FAE96F491F,30000000,15414464
10495999,21284477,2024-11-28 06:40:11.000000 +00:00,Titan,"{BLOXROUTE_MAXPROFIT,TITAN}",0.0784313348514147,0x8CE34B22EC5FD3E82DA946DFC2FFE91C11D8FF3B6D3DA76BFF12B342C3C7CBF5,0xC6D4208D5DD47ED6F98AB392CCB11F1D62AB91C9A3B794AFCD2D63019E4D2534,0x946FCF348BBF1044A3EAA3D27F1D01397CFC4D27495A949447C95EA7EC41DB9F5C4FE3B867A937623685A0462996DF09,0xA4DD83C992AE7C449CC681FA1CC855F6C5D03EA0399B37D5526493E7B57498789640FE5FE160911C653EA36B113760C8,0x4675C7E5BAAFBFFBCA748158BECBA61EF3B0A263,30000000,29464702
10496004,21284481,2024-11-28 06:41:11.000000 +00:00,Titan,"{BLOXROUTE_REGULATED,TITAN}",0.0308104063172449,0x4265F563FC1F54DF1FA0590C9055F9FDD661E802D06D9850F01FAED78B4AB56E,0x7611B5CF253C73CD8590AE7EFF6E6B76F36230E76568040BED42091D27512B2F,0xB4A435CF816291596FE2E405651EC8B6C80B9CC34DACE3C83202CA489A833756C9A0672EBDC17F23D9D43163DB1CAA5D,0x91820F5FE5231719EF6E5C287BE268379705B52B8F53C5C95AB12604EBA903CB5C100088FB2ECC37D264DE0156F986EF,0x7E2A2FA2A064F693F0A55C5639476D913FF12D05,30000000,16767761
10496006,21284482,2024-11-28 06:41:35.000000 +00:00,Titan,{TITAN},0.021255480312654,0x44D63FB1633B8AD80398782B213E14F9557E873FD10DF85C749AA7A243EB092E,0x049E2CF3FB99749B6C5E1E5BF4AFB68197EF73D7E272372D833CE2616C6B0B75,0xB4A435CF816291596FE2E405651EC8B6C80B9CC34DACE3C83202CA489A833756C9A0672EBDC17F23D9D43163DB1CAA5D,0xA6AAA1DBA44BFC23BA683F17BC5B8BD6EE6756D027806AA65716194A967421F6C8893965597E74A52CA7A6D487E4DD4C,0x518489F9ED41FC35BCD23407C484F31897067FF0,30000000,17037721
10496021,21284496,2024-11-28 06:44:35.000000 +00:00,Titan,"{BLOXROUTE_MAXPROFIT,BLOXROUTE_REGULATED,TITAN}",0.0240545744963766,0x1EC20C2BF0456482FF87626393C6784794DB1CD2C34C6B5B3FBA48814256D51E,0x5F7C0649FA8D1C259244F86D5FF0D16A04B510EB950ABB44B15D21CAB6FBED52,0x946FCF348BBF1044A3EAA3D27F1D01397CFC4D27495A949447C95EA7EC41DB9F5C4FE3B867A937623685A0462996DF09,0xA9F7BB2A0AFE82748AAF9E589EF1B8BF35351FC5DBD89CDC0B910D496A3073E6767333D8A395B01D77E11885CCD94850,0xE688B84B23F322A994A53DBF8E15FA82CDB71127,30000000,16699537
10496065,21284538,2024-11-28 06:53:23.000000 +00:00,Titan,"{BLOXROUTE_MAXPROFIT,TITAN}",0.0285836331938566,0x7FBB2A3E00FE85A6DCFF1B4F48FC4790CBBA783BCCF6D4483A8A3E04844F14B1,0xF4C29F4077BBEB149E82511502A93335907A542F7D05E7324F7026B5256DD2C4,0x8527D16CF01EDCEA2CBB05E27F5F61B184578EA27C4015E4533E4CEBD6D53297BD004C14FE3F247A468361BF781E0069,0x8D8FA97B43A368E1FDC9EA3984F287C18A0D5836CAF88E8DD0E33522E388F8041EFD4B38CE706F9D742EB87408D92135,0xCA91F4A681356F9C9CC80AFD344CBFE086E74B3E,30000000,15137294
10496117,21284588,2024-11-28 07:03:47.000000 +00:00,Titan,"{BLOXROUTE_MAXPROFIT,TITAN}",0.0115128500819891,0x48D4BDB4999F64FDFA4F9B74E1141D0580AB78F373970CD045E7AC0ABBB9AA6E,0xAF1A56325B94E4507868093FBA1F39EB38950F7FCE87345E1B4F46FB59C55B9D,0x88857150299287CEDFBADEA1EE3FB7AC121F1E4E16BEF44B4A7BAD35432973C4009EFB90394FACCA3FDC0759BA70F93F,0xAFE1E1E5E7C6E59DE536A64087E1762F11B19044938C29C557424FF528D246C4A167D40921D76B8BB39D550607A99C13,0x4675C7E5BAAFBFFBCA748158BECBA61EF3B0A263,30000000,8999829
10496133,21284603,2024-11-28 07:06:59.000000 +00:00,Titan,"{BLOXROUTE_MAXPROFIT,TITAN}",0.0462957054432134,0x3872B0F3352088C50D8F8D9493B0FDFBDD8EE60CDA464BB2C1AB7951412AB7C4,0x183BF0EB5EEE93BB9EA383EF0DDFD183EBD430C6A47238776FB26158BC907B72,0x946FCF348BBF1044A3EAA3D27F1D01397CFC4D27495A949447C95EA7EC41DB9F5C4FE3B867A937623685A0462996DF09,0x92700F5BFF852156CF0D0643483E304FAA0C1301716FA7E32B031ECD34E84A99434DDE9A15459978B19ED86665ECD738,0x51A1449B3B6D635EDDEC781CD47A99221712DE97,30000000,23916312
10496141,21284610,2024-11-28 07:08:35.000000 +00:00,Titan,{TITAN},0.105863879938372,0xBA60254E4EF1F67FA21719CCE04282901AD9B7BD4D47D9E89748CF8C8605F778,0xDB364FC86FBAFBE6DDF3F527CA179A827AAAF1DF530EF3BEC52D48FDF28AF7B6,0x88857150299287CEDFBADEA1EE3FB7AC121F1E4E16BEF44B4A7BAD35432973C4009EFB90394FACCA3FDC0759BA70F93F,0x9990C8FB5EE42B56256792C1C8EA855525E82147328938BDE17E8CB70D586C187E4434B399E7EE8D08B08031CA8BDAAD,0x6DAAA6A3844F87AE31942262C6B94D16A022A5EA,30000000,26996513
10496174,21284642,2024-11-28 07:15:11.000000 +00:00,Titan,{TITAN},0.0178064432798269,0x5FBF3A1D63EA48AFF00D64780EE9418CBA929E670691672EDBEBB714E621CC45,0xB0DEE7C49F4DD24C98C037570EE4E50E0DDBBA67C0FC8F418058D9A6461B73EC,0x8527D16CF01EDCEA2CBB05E27F5F61B184578EA27C4015E4533E4CEBD6D53297BD004C14FE3F247A468361BF781E0069,0xB82B75C4E96D49077364E9982C04683A3C6960D80303508838F38B274F4556E9093D6524E233A4BB77FA5961991D58C8,0x4675C7E5BAAFBFFBCA748158BECBA61EF3B0A263,30000000,14522619
10496230,21284697,2024-11-28 07:26:23.000000 +00:00,Titan,"{BLOXROUTE_MAXPROFIT,TITAN}",0.0220645491743001,0x7563D9BC668E2C087E2B6B2A2F8CECB6AA8C4F40E0E438D6E1DECD729441D5F3,0xA6A6466F57C027A9397089F981A2EF9760960D35EAA291F9B1DD58458ACBDC64,0xB4A435CF816291596FE2E405651EC8B6C80B9CC34DACE3C83202CA489A833756C9A0672EBDC17F23D9D43163DB1CAA5D,0x91B9F5E1A45970251082CB7B8C6049E050301C12E41F7EECCE6D0AB6A3B238B0673C4B20A8C59145C2D73DCD1FEBE50A,0x4675C7E5BAAFBFFBCA748158BECBA61EF3B0A263,30000000,17713964
